CREATE TABLE EMP
(EMPNO NUMERIC(4) NOT NULL,
ENAME VARCHAR(10),
JOB VARCHAR(9),
MGR NUMERIC(4),
HIREDATE DATETIME,
SAL NUMERIC(7, 2),
COMM NUMERIC(7, 2),
DEPTNO NUMERIC(2))

INSERT INTO EMP VALUES
(7369, 'SMITH', 'CLERK', 7902, '17-DEC-1980', 800, NULL, 20)
INSERT INTO EMP VALUES
(7499, 'ALLEN', 'SALESMAN', 7698, '20-FEB-1981', 1600, 300, 30)
INSERT INTO EMP VALUES
(7521, 'WARD', 'SALESMAN', 7698, '22-FEB-1981', 1250, 500, 30)
INSERT INTO EMP VALUES
(7566, 'JONES', 'MANAGER', 7839, '2-APR-1981', 2975, NULL, 20)
INSERT INTO EMP VALUES
(7654, 'MARTIN', 'SALESMAN', 7698, '28-SEP-1981', 1250, 1400, 30)
INSERT INTO EMP VALUES
(7698, 'BLAKE', 'MANAGER', 7839, '1-MAY-1981', 2850, NULL, 30)
INSERT INTO EMP VALUES
(7782, 'CLARK', 'MANAGER', 7839, '9-JUN-1981', 2450, NULL, 10)
INSERT INTO EMP VALUES
(7788, 'SCOTT', 'ANALYST', 7566, '09-DEC-1982', 3000, NULL, 20)
INSERT INTO EMP VALUES
(7839, 'KING', 'PRESIDENT', NULL, '17-NOV-1981', 5000, NULL, 10)
INSERT INTO EMP VALUES
(7844, 'TURNER', 'SALESMAN', 7698, '8-SEP-1981', 1500, 0, 30)
INSERT INTO EMP VALUES
(7876, 'ADAMS', 'CLERK', 7788, '12-JAN-1983', 1100, NULL, 20)
INSERT INTO EMP VALUES
(7900, 'JAMES', 'CLERK', 7698, '3-DEC-1981', 950, NULL, 30)
INSERT INTO EMP VALUES
(7902, 'FORD', 'ANALYST', 7566, '3-DEC-1981', 3000, NULL, 20)
INSERT INTO EMP VALUES
(7934, 'MILLER', 'CLERK', 7782, '23-JAN-1982', 1300, NULL, 10)

CREATE TABLE DEPT
(DEPTNO NUMERIC(2),
DNAME VARCHAR(14),
LOC VARCHAR(13) )

INSERT INTO DEPT VALUES (10, 'ACCOUNTING', 'NEW YORK')
INSERT INTO DEPT VALUES (20, 'RESEARCH', 'DALLAS')
INSERT INTO DEPT VALUES (30, 'SALES', 'CHICAGO')
INSERT INTO DEPT VALUES (40, 'OPERATIONS', 'BOSTON')	

SELECT * FROM EMP
SELECT * FROM DEPT

SELECT * FROM EMP ORDER BY DEPTNO DESC;
SELECT * FROM EMP ORDER BY SAL DESC;
SELECT * FROM EMP ORDER BY 8 DESC;
SELECT EMPNO,SAL,ENAME,MGR FROM EMP ORDER BY 2 DESC;

SELECT * FROM EMP WHERE COMM=300;
SELECT * FROM EMP WHERE JOB='CLERK';
SELECT * FROM EMP WHERE DEPTNO>10;

SELECT DISTINCT(SAL) FROM EMP;
SELECT COUNT(DISTINCT(SAL)) FROM EMP;

--SQL OPERATORS
--1)ARITHMETIC OPERATORS
SELECT 10+20;
SELECT 10-20;
SELECT 10*20;
SELECT 10/20;
SELECT 10%20;

--2)CONDITIONAL OPERATORS
SELECT * FROM EMP WHERE SAL=5000;

SELECT * FROM EMP WHERE SAL!=5000;
SELECT * FROM EMP WHERE SAL<>5000;

SELECT * FROM EMP WHERE SAL<=2000;
SELECT * FROM EMP WHERE SAL>=2000;

SELECT * FROM EMP WHERE SAL<=2000;



--STRING FUNCTIONS

SELECT CONCAT ('GOOGLE','.COM');
SELECT 'GOOGLE'+'.COM';

SELECT ENAME,LOWER(ENAME)AS lc_NAME FROM EMP;

SELECT ENAME,DATALENGTH(ENAME),LEN(ENAME) FROM EMP;
SELECT ENAME,LEN(ENAME) FROM EMP;

SELECT LEN(' ABCD ');
SELECT DATALENGTH(' ABCD ');

SELECT LEFT(' GOOGLE',4);
SELECT RIGHT('HELLO WORLD ',5);

SELECT LTRIM('      HELLO WORLD ');
SELECT RTRIM('      HELLO WORLD   ');

SELECT REPLACE('GOOGLE','G','D');
SELECT JOB,REPLACE(JOB,'MA','TEE')FROM EMP;
SELECT COMM,REPLACE(COMM,NULL,'TEE')FROM EMP;

SELECT SUBSTRING(' HELLO WORLD',1,5);
SELECT SUBSTRING(JOB,1,5) FROM EMP;

SELECT TOP(5)ENAME FROM EMP ORDER BY ENAME;

SELECT DISTINCT JOB FROM EMP;

--NUMERIC FUNCTONS

SELECT ABS(5)
SELECT ABS(5.0)
SELECT ABS(0.5)
SELECT ABS(-5)
SELECT ABS(-0.5)

SELECT SQRT(2);
SELECT SQRT(0);
SELECT SQRT(NULL);

SELECT COMM,COALESCE(COMM,123) FROM EMP;

SELECT ROUND(123,3);

SELECT SIGN(5)
SELECT SIGN(-5)
SELECT SIGN(0.5)
SELECT SIGN(0)
SELECT SIGN(NULL)

--DATE FUNCTONS

SELECT CURRENT_TIMESTAMP;
SELECT GETDATE();

SELECT DATEADD(YEAR,1,'2014/04/28')
SELECT DATEADD(MONTH,1,'2014/04/28')
SELECT DATEADD(DAY,1,'2014/04/28')

SELECT DATEDIFF(YEAR,'2014/04/22','2016/03/23');

SELECT DATENAME(DAY,'2014/04/28')

SELECT MONTH('2014/05/20');
SELECT YEAR('2014/05/20');

SELECT * FROM EMP
SELECT EMPNO,ENAME,JOB,DEPTNO INTO EMP_01 FROM PRASATH_DB.DBO.EMP WHERE DEPTNO=10;


--UNION / UNION-ALL / INTERSECT / EXCEPT:
SELECT EMPNO,ENAME,SAL,DEPTNO INTO EMP_10 FROM Prasath_DB.dbo.EMP WHERE DEPTNO = 10;
SELECT EMPNO,ENAME,SAL,DEPTNO INTO EMP_20 FROM Prasath_DB.dbo.EMP WHERE DEPTNO = 20;

--UNION:
SELECT * FROM EMP_10
UNION
SELECT * FROM EMP_20;



--UNION-ALL:
SELECT EMPNO,ENAME,SAL,DEPTNO INTO EMP_1020 FROM Prasath_DB.dbo.EMP WHERE DEPTNO IN(10,20);
SELECT EMPNO,ENAME,SAL,DEPTNO INTO EMP_2030 FROM Prasath_DB.dbo.EMP WHERE DEPTNO IN(20,30);

SELECT * FROM EMP_1020;
SELECT *  FROM EMP_2030;

SELECT * FROM EMP_1020
UNION ALL
SELECT *  FROM EMP_2030;

SELECT * FROM EMP_1020
UNION 
SELECT *  FROM EMP_2030;

USE MERIT_DB
--INTERSECT:
SELECT * FROM DEPT;

SELECT * INTO DEPT_IN1 FROM DEPT;
SELECT * INTO DEPT_IN2 FROM DEPT;

SELECT * FROM DEPT_IN1;
SELECT * FROM DEPT_IN2;
INSERT INTO DEPT_IN1 VALUES(50,'HR','USA');
INSERT INTO DEPT_IN1 VALUES(60,'SALES','NY');

SELECT * FROM DEPT_IN1;
SELECT * FROM DEPT_IN2;

--INTERSECT
SELECT * FROM DEPT_IN1
INTERSECT
SELECT * FROM DEPT_IN2;








--MINUS / EXCEPT:
SELECT * FROM DEPT_IN1
EXCEPT
SELECT * FROM DEPT_IN2;






